pct_total,game_mode,win_value_underdog,blind_combo_0,blind_combo_1,level_0,level_1,lognormal,pct_high_mean,high_low_ratio_mean,high_low_ratio_variance,mean_variance_ratio,pct_high_sigma,0,1,2,3,4,5,6,7,8,9,10,11,12,13,14,15,16,17,18,19,20,mean,std
0.8,expected,0.05,False,False,100,0,log,0.1,1.2,1.2,0.5,0.4,1899.7495970306488,12677.759866803,-46271.885220487406,16899.13266865474,45958.15894192781,5208.432983181981,-55759.478136454294,-22207.93238852704,44854.56077524221,26366.035950433172,-38674.16000445153,19397.64133982089,-26176.874942631748,16511.938473509326,7791.243007567388,-13707.371882170211,6584.781211154007,-1515.8838792829358,165.95717745120186,-1.7940935915270666,0.018268744669650387,0.5,0.21844122920052406
